{
    "total_trades": 27,
    "profitable_trades": 13,
    "win_rate": 48.15,
    "total_pnl": -6.640664748725459e+40,
    "avg_trade_pnl": -2.459505462490727e+39,
    "max_profit": 2.84512542011261e+43,
    "max_loss": -2.795835423652799e+43,
    "open_positions": [],
    "profit_factor": 0.998
}